vendor,name,price
taobao,瑞士莲软心巧克力lindt黑白牛奶精选混合装600g喜糖糖果情人礼物,72.8
taobao,Kinder健达缤纷乐T2 Bueno榛果威化牛奶巧克力休闲下午茶零食礼品,19.9
taobao,费列罗Kinder bueno健达缤纷乐牛奶榛子夹心巧克力 网红儿童零食,25.9
taobao,原装进口健达夹心牛奶巧克力T8盒装夹心巧克力Kinder儿童礼物零食,13.6
taobao,Kinder Bueno经典缤纷乐健达夹心牛奶巧克力榛果威化网红休闲零食,52.9
taobao,香港代购意大利健达缤纷乐巧克力kinder bueno白巧克力威化129g,26.99
taobao,Kinder Bueno缤纷乐3条装牛奶榛果巧克力43g/3Pcs条意大利巧克力,20.0
taobao,批包邮kinder健达牛奶夹心巧克力T4条装20盒儿童糖果休闲零食品,63.0
taobao,现货Kinder健达牛奶巧克力T8条装建达夹心圣诞儿童礼物年货零食,17.01
taobao,英国Kinder Bueno Mini Chocolate Eggs建达迷你巧克力蛋,49.9
tmall,Kinder健达奇趣蛋蓝色粉色版9颗牛奶可可酱糖果半边巧克力儿童,85.5
tmall,kinder健达8条装*10盒夹心牛奶巧克力制品进口奶源儿童零食,175.0
tmall,kinder健达牛奶巧克力8条盒装建达儿童圣诞节小吃糖果休闲零食,63.48
tmall,Kinder健达4条装x12盒夹心牛奶巧克力制品休闲零食儿童休闲零食,112.0
tmall,kinder健达牛奶巧克力8条盒装建达儿童礼物糖果圣诞节零食食品,27.9
tmall,Kinder健达缤纷乐Bueno T2牛奶榛果威化巧克力条休闲零食亲友礼品,22.68
tmall,Kinder进口健达牛奶巧克力t8条装建达夹心圣诞节儿童零食礼物糖果,28.3
tmall,Kinder健达缤纷乐2条x18包牛奶榛果威化巧克力制品 进口零食白巧,158.4
tmall,Kinder健达夹心牛奶巧克力制品4条装*4盒香浓美味巧克力零食礼物,36.8
tmall,kinder健达牛奶巧克力5盒 T8建达牛奶夹心糖果节日礼物儿童小零食,27.9
jd,健达（Kinder）奇趣蛋牛奶巧克力进口糖果零食玩具儿童生日圣诞节礼物幼儿园活动 （11月产）奇趣蛋男女混合12粒,65.9
jd,"Kinder夹心巧克力制品 新年聚会年货零食生日礼物儿童礼物14粒84g
至臻心意，点滴愉悦！费列罗限定发财桶，助力每一个发财梦想！速来领取你的“第一桶金”",14.3
jd,"健达（Kinder）食玩奇趣蛋儿童零食组装玩具 新年儿童礼物送礼B版3颗装60g
至臻心意，点滴愉悦！费列罗限定发财桶，助力每一个发财梦想！速来领取你的“第一桶金”",26.6
jd,食芳溢健达Kinder缤纷乐bueno牛奶榛果威化巧克力批发儿童零食 原味 缤纷乐【43g*30包】整盒,252.0
jd,"健达（Kinder）缤纷乐牛奶榛果威化白巧克力 生日礼物进口儿童零食3包6条装117g
至臻心意，点滴愉悦！费列罗限定发财桶，助力每一个发财梦想！速来领取你的“第一桶金”",24.5
jd,"健达巧克力（Kinder）缤纷乐榛子威化巧克力迷你装16粒86g独立小包装 儿童休闲零食 健达迷你巧克力86g1包
版本随机发货。",34.0
jd,"健达巧克力（Kinder）缤纷乐牛奶榛果威化巧克力 进口牛奶巧克力 儿童休闲零食婚庆喜糖 缤纷乐43g*3包
关注店铺有礼",25.8
jd,"健达（Kinder）意大利进口零食品儿童榛子巧克力酱手指饼干棒52g能多益手指饼 费列罗榛子巧克力酱饼干52g
原装进口-超值套装-多买多优惠",19.9
jd,健达（Kinder）奇趣蛋牛奶巧克力半边玩具趣出奇蛋男女孩六一儿童生日礼物 女孩版3枚,26.9
jd,健达（Kinder） 牛奶夹心巧克力能多益饼干榛子巧克力酱手指饼干进口儿童零食 能多益手指饼干52g *3盒,42.9
